<?xml version="1.0" encoding="UTF-8"?>

<!DOCTYPE struts PUBLIC
	"-//Apache Software Foundation//DTD Struts Configuration 2.0//EN"
	"http://struts.apache.org/dtds/struts-2.0.dtd">
<struts>
<constant name="struts.custom.i18n.resources" value="LoginAction" />
	<package name="default" extends="struts-default" namespace="/">
		<action name="Login" class="naitik.Login">
			<result name="success">welcome.jsp</result>
			<result name="input">index.jsp</result>
		</action>
	</package>
</struts>
